<?xml version="1.0" encoding="UTF-8"?>
<beans xmlns="http://www.springframework.org/schema/beans"
       xmlns:context="http://www.springframework.org/schema/context"
       xmlns:mvc="http://www.springframework.org/schema/mvc"
       xmlns:xsi="http://www.w3.org/2001/XMLSchema-instance"
       xsi:schemaLocation="http://www.springframework.org/schema/beans
 http://www.springframework.org/schema/beans/spring-beans.xsd
 http://www.springframework.org/schema/context
 http://www.springframework.org/schema/context/spring-context.xsd
 http://www.springframework.org/schema/mvc
 http://www.springframework.org/schema/mvc/spring-mvc.xsd
">
    <!--扫描controller-->
    <context:component-scan base-package="com.lagou.edu.controller"/>
    <mvc:annotation-driven/>
    <!--配置当前拦截器url的拦截规则com.lagou.edu.interceptor.LoginIntercepter-->
    <mvc:interceptors>
        <mvc:interceptor>
            <!--拦截当前目录及子目录的所有url-->
            <mvc:mapping path="/**"/>
            <!--可以在mapping的基础上排除一些url拦截-->
            <!--<mvc:exclude-mapping path="/demo/**"/>-->
            <bean class="com.lagou.edu.interceptor.LoginIntercepter"/>
        </mvc:interceptor>
    </mvc:interceptors>

    <!-- 视图定位 页面存放路径-->
    <bean
            class="org.springframework.web.servlet.view.InternalResourceViewResolver">
        <property name="viewClass"
                  value="org.springframework.web.servlet.view.JstlView" />
        <property name="prefix" value="/WEB-INF/jsp/" />
        <property name="suffix" value=".jsp" />
        <property name="order" value="1"/>
    </bean>

 <!--   <bean id="htmlviewResolver" class="org.springframework.web.servlet.view.freemarker.FreeMarkerViewResolver">
        <property name="prefix" value="/WEB-INF/html/"/>
        <property name="suffix" value=".html" />
        <property name="order" value="2"/>
        <property name="contentType" value="text/html;charset=UTF-8"/>
    </bean>-->


</beans>